timestamp,direction,buy_price,sell_price,profit_after_fees,spread,time_gap_ms,vertex_time,drift_time
2024-11-07T17:36:32.546585,Vertex -> Drift,75748.0,75830.0,6.2110000000102445,82.0,1730995661293.501,1730997392290893095,1730997392087
2024-11-07T17:36:34.548395,Vertex -> Drift,75738.0,75830.0,16.2160000000149,92.0,1730995662730.8613,1730997393728255375,1730997394163
2024-11-07T17:36:36.549385,Vertex -> Drift,75729.0,75830.0,25.22050000001036,101.0,1730995665354.4905,1730997396351886593,1730997396114
2024-11-07T17:36:38.550168,Vertex -> Drift,75727.0,75830.0,27.221500000014203,103.0,1730995667401.9604,1730997398399358642,1730997398093
2024-11-07T17:36:40.551968,Vertex -> Drift,75727.0,75830.0,27.221500000014203,103.0,1730995669302.8662,1730997400300266283,1730997400105
2024-11-07T17:36:42.553685,Vertex -> Drift,75724.0,75830.0,30.22300000001269,106.0,1730995671357.674,1730997402355076169,1730997402093
2024-11-07T18:08:12.867295,Drift -> Vertex,75963.56362,76003.0,8.093522730763652,39.43637999999919,2.34501953125e-05,1730999292689450254,1730999292666
2024-11-07T18:14:33.082023,Drift -> Vertex,76240.0,76301.99999999999,30.53859999998531,61.99999999998545,0.0001319658203125,1730999672853965782,1730999672722
2024-11-07T18:21:23.305131,Vertex -> Drift,76163.0,76204.5,10.07394375000149,41.5,0.000241260009765625,1731000083073260067,1731000082832
2024-11-07T18:21:25.307450,Vertex -> Drift,76159.0,76204.5,14.074743750010384,45.5,0.000204984375,1731000085034984341,1731000084830
2024-11-07T18:21:27.308673,Vertex -> Drift,76157.0,76204.5,16.07514375000028,47.5,0.000299970703125,1731000087127970826,1731000086828
2024-11-07T18:34:03.715533,Drift -> Vertex,76399.0,76432.0,1.4788125000050059,33.0,0.000346694580078125,1731000843474694553,1731000843128
2024-11-07T18:39:29.899083,Vertex -> Drift,76282.0,76330.0,16.523475000009057,48.0,0.00050882275390625,1731001169693822789,1731001169185
2024-11-07T18:39:39.907262,Vertex -> Drift,76250.0,76289.8,8.33841750001011,39.80000000000291,0.000516089111328125,1731001179695089250,1731001179179
2024-11-07T18:39:41.908982,Vertex -> Drift,76254.0,76289.8,4.337617500015767,35.80000000000291,0.0005138447265625,1731001181691844666,1731001181178
2024-11-07T18:39:43.909564,Vertex -> Drift,76257.0,76289.8,1.3370175000163727,32.80000000000291,0.000583193359375,1731001183755193292,1731001183172
2024-11-07T18:39:47.912352,Vertex -> Drift,76255.0,76289.8,3.337417500006268,34.80000000000291,0.00056934130859375,1731001187747341342,1731001187178
2024-11-07T18:39:51.915131,Vertex -> Drift,76247.0,76289.8,11.339017500009504,42.80000000000291,0.000464820556640625,1731001191678820498,1731001191214
2024-11-07T18:39:53.915837,Vertex -> Drift,76237.0,76289.8,21.341017500017188,52.80000000000291,0.000578171630859375,1731001193760171503,1731001193182
2024-11-07T18:39:55.917220,Vertex -> Drift,76234.0,76289.8,24.341617500016582,55.80000000000291,1.3634765625e-05,1731001195189634897,1731001195176
2024-11-07T18:39:57.918888,Vertex -> Drift,76232.0,76289.8,26.342017500006477,57.80000000000291,0.000326078125,1731001197507078242,1731001197181
2024-11-07T18:39:59.919845,Vertex -> Drift,76230.0,76289.8,28.342417500010924,59.80000000000291,0.00058431591796875,1731001199763316056,1731001199179
2024-11-07T18:40:01.921748,Vertex -> Drift,76229.0,76289.8,29.342617500005872,60.80000000000291,2.667333984375e-05,1731001201202673373,1731001201176
2024-11-07T18:40:03.923490,Vertex -> Drift,76232.0,76289.8,26.342017500006477,57.80000000000291,0.00030954345703125,1731001203520543464,1731001203211
2024-11-07T18:40:05.924942,Vertex -> Drift,76232.0,76289.8,26.342017500006477,57.80000000000291,0.00054526318359375,1731001205728263280,1731001205183
2024-11-07T18:40:07.925755,Vertex -> Drift,76229.0,76289.8,29.342617500005872,60.80000000000291,0.000580447509765625,1731001207764447523,1731001207184
2024-11-07T18:40:09.927352,Vertex -> Drift,76228.00000000001,76289.8,30.34281750000082,61.79999999998836,0.000563111328125,1731001209766111156,1731001209203
2024-11-07T18:40:11.928377,Vertex -> Drift,76232.0,76289.8,26.342017500006477,57.80000000000291,0.000553203369140625,1731001211774203331,1731001211221
2024-11-07T18:40:13.929771,Vertex -> Drift,76211.0,76289.8,47.34621750001679,78.80000000000291,0.000561567626953125,1731001213770567617,1731001213209
2024-11-07T18:40:15.930574,Vertex -> Drift,76213.0,76289.8,45.345817500012345,76.80000000000291,0.00059678369140625,1731001215778783827,1731001215182
2024-11-07T18:40:17.931192,Vertex -> Drift,76221.0,76289.8,37.34421750000911,68.80000000000291,0.00057339013671875,1731001217778390001,1731001217205
2024-11-07T18:40:19.933270,Vertex -> Drift,76214.99999999999,76289.8,43.34541750002245,74.80000000001746,0.000543726806640625,1731001219732726723,1731001219189
2024-11-07T18:40:21.936296,Vertex -> Drift,76223.0,76289.8,35.34381750000466,66.80000000000291,0.00056478173828125,1731001221745781634,1731001221181
2024-11-07T18:40:23.937307,Vertex -> Drift,76219.0,76289.8,39.344617500013555,70.80000000000291,0.0005992509765625,1731001223783251032,1731001223184
2024-11-07T18:40:25.938480,Vertex -> Drift,76219.0,76289.8,39.344617500013555,70.80000000000291,0.000599105224609375,1731001225782105352,1731001225183
2024-11-07T18:40:27.939298,Vertex -> Drift,76210.00000000001,76289.8,48.34641749999719,79.79999999998836,0.000577933837890625,1731001227783934046,1731001227206
2024-11-07T18:40:29.941989,Vertex -> Drift,76207.0,76289.8,51.347017500011134,82.80000000000291,0.000176181640625,1731001229358181637,1731001229182
2024-11-07T18:40:31.942687,Vertex -> Drift,76203.0,76258.0,23.554575000001932,55.0,0.00060037353515625,1731001231789373558,1731001231189
2024-11-07T18:40:33.944558,Vertex -> Drift,76196.0,76258.0,30.55597500001022,62.0,0.000147470947265625,1731001233366470990,1731001233219
2024-11-07T18:40:35.945932,Vertex -> Drift,76214.99999999999,76258.0,11.552175000018906,43.00000000001455,0.000560277587890625,1731001235781277576,1731001235221
2024-11-07T18:40:37.947576,Vertex -> Drift,76212.0,76258.0,14.552775000003749,46.0,0.000541144287109375,1731001237736144448,1731001237195
2024-11-07T18:40:39.949355,Vertex -> Drift,76209.0,76258.0,17.553375000003143,49.0,5.78935546875e-05,1731001239252893378,1731001239195
2024-11-07T18:40:41.951189,Vertex -> Drift,76222.0,76258.0,4.550775000010617,36.0,0.000569111328125,1731001241755111442,1731001241186
2024-11-07T18:40:43.952739,Vertex -> Drift,76214.0,76258.0,12.552375000013853,44.0,0.000595772705078125,1731001243790772722,1731001243195
2024-11-07T18:40:45.954334,Vertex -> Drift,76214.99999999999,76258.0,11.552175000018906,43.00000000001455,0.00060488330078125,1731001245790883449,1731001245186
2024-11-07T18:57:16.824084,Drift -> Vertex,76556.0,76590.0,2.4138500000117347,34.0,0.000156311279296875,1731002236651311446,1731002236495
2024-11-07T18:58:14.883861,Vertex -> Drift,76442.0,76480.0,6.459600000001956,38.0,0.000229298095703125,1731002294696298081,1731002294467
2024-11-07T19:02:31.087753,Vertex -> Drift,76401.0,76435.4,2.8772775000106776,34.39999999999418,2.640869140625e-06,1731002550567640733,1731002550565
2024-11-07T19:02:33.090423,Vertex -> Drift,76377.0,76435.4,26.882077500005835,58.39999999999418,0.000329123046875,1731002552909123128,1731002552580
2024-11-07T19:02:35.092415,Vertex -> Drift,76378.0,76435.4,25.881877500010887,57.39999999999418,0.000361261474609375,1731002554912261307,1731002554551
2024-11-07T19:05:09.225483,Vertex -> Drift,76298.0,76335.1,5.619191250007134,37.10000000000582,0.000486339599609375,1731002709045339645,1731002708559
2024-11-07T19:05:11.229346,Vertex -> Drift,76273.0,76335.1,30.62419125001179,62.10000000000582,0.00046908203125,1731002711029082003,1731002710560
2024-11-07T19:05:13.231834,Vertex -> Drift,76252.0,76335.1,51.62839125000755,83.10000000000582,0.000485125244140625,1731002713060125058,1731002712575
2024-11-07T19:05:15.234615,Vertex -> Drift,76247.0,76307.0,28.535362499998882,60.0,0.000350024169921875,1731002714904024154,1731002714554
2024-11-07T19:05:17.237663,Vertex -> Drift,76255.0,76307.0,20.533762499995646,52.0,0.000384321044921875,1731002716969320941,1731002716585
2024-11-07T19:05:19.238531,Vertex -> Drift,76253.0,76307.0,22.534162500000093,54.0,0.00051486669921875,1731002719069866841,1731002718555
2024-11-07T19:05:21.240910,Vertex -> Drift,76252.0,76307.0,23.53436249999504,55.0,0.000504422119140625,1731002721070421979,1731002720566
2024-11-07T19:05:23.241860,Vertex -> Drift,76252.0,76307.0,23.53436249999504,55.0,0.000505203369140625,1731002723075203420,1731002722570
2024-11-07T19:05:25.244782,Vertex -> Drift,76267.0,76307.0,8.531362499998068,40.0,0.00019429248046875,1731002724759292497,1731002724565
2024-11-07T19:05:27.247750,Vertex -> Drift,76260.99999999999,76307.0,14.532562500011409,46.00000000001455,0.00015113330078125,1731002726753133370,1731002726602
2024-11-07T19:07:09.326523,Vertex -> Drift,76101.0,76160.0,27.59580000001006,59.0,0.000482262939453125,1731002829074263077,1731002828592
2024-11-07T19:07:11.330261,Vertex -> Drift,76104.0,76160.0,24.595200000010664,56.0,0.000357649169921875,1731002830243350849,1731002830601
2024-11-07T19:07:13.331168,Vertex -> Drift,76098.0,76160.0,30.596400000009453,62.0,0.000524246337890625,1731002833155246318,1731002832631
2024-11-07T19:07:15.333911,Vertex -> Drift,76086.0,76160.0,42.59880000000703,74.0,0.00035224169921875,1731002834971241789,1731002834619
2024-11-07T19:07:17.337043,Vertex -> Drift,76057.0,76160.0,71.60460000000603,103.0,0.0004857900390625,1731002837085789916,1731002836600
2024-11-07T19:07:19.339190,Vertex -> Drift,76072.0,76160.0,56.60160000000906,88.0,0.00057502490234375,1731002839169024939,1731002838594
2024-11-07T19:07:21.342136,Vertex -> Drift,76083.0,76160.0,45.599400000006426,77.0,0.00050508349609375,1731002841097083329,1731002840592
2024-11-07T19:07:23.345080,Vertex -> Drift,76090.0,76160.0,38.59800000001269,70.0,0.00052022802734375,1731002843140228153,1731002842620
2024-11-07T19:07:25.348106,Vertex -> Drift,76073.0,76160.0,55.60140000001411,87.0,0.000383912109375,1731002844988912075,1731002844605
2024-11-07T19:07:27.351056,Vertex -> Drift,76075.0,76160.0,53.60100000000966,85.0,0.000536760986328125,1731002847129761055,1731002846593
2024-11-07T19:07:29.354068,Vertex -> Drift,76086.0,76160.0,42.59880000000703,74.0,0.00051532958984375,1731002849110329601,1731002848595
2024-11-07T19:07:31.356980,Vertex -> Drift,76070.0,76160.0,58.602000000013504,90.0,0.0005393837890625,1731002851175383858,1731002850636
2024-11-07T19:07:33.359894,Vertex -> Drift,76050.0,76160.0,78.60600000001432,110.0,0.000487167724609375,1731002853098167816,1731002852611
2024-11-07T19:07:35.361921,Vertex -> Drift,76052.0,76160.0,76.60560000000987,108.0,0.000300306396484375,1731002854909306428,1731002854609
2024-11-07T19:07:55.379714,Vertex -> Drift,76004.99999999999,76040.284317,3.924756582651753,35.28431700001238,0.000598143798828125,1731002875207143564,1731002874609
2024-11-07T19:07:57.381942,Vertex -> Drift,75994.0,76040.284317,14.926956582639832,46.28431699999783,0.0005662685546875,1731002877205268366,1731002876639
2024-11-07T19:07:59.384916,Vertex -> Drift,75908.00000000001,76040.284317,100.94415658262733,132.28431699998328,0.000600674072265625,1731002879204673929,1731002878604
2024-11-07T19:08:01.387995,Vertex -> Drift,75940.99999999999,76040.284317,67.93755658264854,99.28431700001238,0.000536369140625,1731002881202368946,1731002880666
2024-11-07T19:08:03.390131,Vertex -> Drift,75951.0,76040.284317,57.93555658264086,89.28431699999783,0.00060505810546875,1731002883218057977,1731002882613
2024-11-07T19:08:05.393001,Vertex -> Drift,75968.0,76040.284317,40.932156582639436,72.28431699999783,0.00055181884765625,1731002885155818834,1731002884604
2024-11-07T19:08:07.396043,Vertex -> Drift,75939.0,76040.272753,69.9263950399909,101.27275299999746,0.00039972705078125,1731002887002727238,1731002886603
2024-11-07T19:08:09.398972,Vertex -> Drift,75957.0,76048.28762,59.935958880756516,91.28762000000279,0.000332496337890625,1731002888941496320,1731002888609
2024-11-07T19:08:11.401237,Vertex -> Drift,75973.0,76048.28762,43.93275888075004,75.28762000000279,0.0005498720703125,1731002891176872090,1731002890627
2024-11-07T19:08:13.404124,Vertex -> Drift,75960.0,76048.28762,56.93535888075712,88.28762000000279,0.000277126708984375,1731002892913126665,1731002892636
2024-11-07T19:08:15.405009,Vertex -> Drift,75958.99999999999,76048.28762,57.93555888076662,89.28762000001734,0.000606365234375,1731002895240365306,1731002894634
2024-11-07T19:08:33.419070,Drift -> Vertex,75932.509707,75999.0,35.1548346872587,66.49029299999529,0.00059956982421875,1731002913244569827,1731002912645
2024-11-07T19:08:35.420567,Drift -> Vertex,75932.509707,76006.0,42.15343468726496,73.49029299999529,0.000639370361328125,1731002915248370389,1731002914609
2024-11-07T19:08:53.438848,Drift -> Vertex,75997.184425,76038.0,9.458573309704661,40.815575000000536,0.000521188720703125,1731002933141188719,1731002932620
2024-11-07T19:08:55.441820,Drift -> Vertex,75997.184425,76036.00000000001,7.458973309709108,38.81557500001509,0.00056668115234375,1731002935178681144,1731002934612
2024-11-07T19:10:35.520199,Vertex -> Drift,76068.0,76100.0,0.6151499999978114,32.0,0.000670761474609375,1731003035354761413,1731003034684
2024-11-07T19:10:39.523042,Vertex -> Drift,76059.00000000001,76100.0,9.616949999981443,40.99999999998545,0.000643100830078125,1731003039320100883,1731003038677
2024-11-07T19:10:41.524611,Vertex -> Drift,76058.0,76100.0,10.617150000005495,42.0,0.000679032958984375,1731003041353032866,1731003040674
2024-11-07T19:10:43.527577,Vertex -> Drift,76047.0,76100.0,21.619350000008126,53.0,0.000456845703125,1731003043134845692,1731003042678
2024-11-07T19:11:19.551792,Vertex -> Drift,76003.0,76042.816972,8.457273393461946,39.81697200000053,0.000665366455078125,1731003079320366260,1731003078655
2024-11-07T19:11:21.554855,Vertex -> Drift,75999.0,76042.816972,12.458073393456289,43.81697200000053,0.000337359375,1731003080320640485,1731003080658
2024-11-07T19:11:23.555900,Vertex -> Drift,75994.0,76042.816972,17.45907339346013,48.81697200000053,0.000713723388671875,1731003083390723402,1731003082677
2024-11-07T19:11:25.557265,Vertex -> Drift,75986.0,76042.816972,25.460673393463367,56.81697200000053,0.00072738427734375,1731003085389384116,1731003084662
2024-11-07T19:11:27.559519,Vertex -> Drift,75993.0,76042.816972,18.459273393455078,49.81697200000053,0.000524814697265625,1731003087207814656,1731003086683
2024-11-07T19:11:31.560659,Vertex -> Drift,75991.0,76040.388396,18.03161346584966,49.38839599999483,0.0007155224609375,1731003091394522379,1731003090679
2024-11-07T19:11:33.562272,Vertex -> Drift,75990.0,76040.388396,19.031813465844607,50.38839599999483,0.000459944580078125,1731003093121944480,1731003092662
2024-11-07T19:11:35.565525,Vertex -> Drift,75981.99999999999,76040.388396,27.033413465862395,58.38839600000938,0.0003200029296875,1731003094982002867,1731003094662
2024-11-07T19:11:37.568157,Vertex -> Drift,75974.0,76040.388396,35.03501346585108,66.38839599999483,0.000625195556640625,1731003097282195492,1731003096657
2024-11-07T19:11:39.571258,Vertex -> Drift,75971.0,76040.388396,38.035613465850474,69.38839599999483,0.000593494384765625,1731003099259494374,1731003098666
2024-11-07T19:11:41.574173,Vertex -> Drift,75987.0,76040.388396,22.032413465844,53.38839599999483,0.000690662353515625,1731003101357662485,1731003100667
2024-11-07T19:12:53.630068,Drift -> Vertex,76015.103576,76057.0,10.531814490110264,41.896424000005936,0.000331444091796875,1731003173062444001,1731003172731
2024-11-07T19:14:03.701498,Drift -> Vertex,76086.87051,76121.0,2.736830016641761,34.129490000006626,0.000579490478515625,1731003243340490611,1731003242761
2024-11-07T19:14:05.705828,Drift -> Vertex,76086.87051,76121.0,2.736830016641761,34.129490000006626,0.000683870361328125,1731003245430870219,1731003244747
2024-11-07T19:33:36.750640,Vertex -> Drift,76621.0,76654.479626,1.8663490794715472,33.47962600000028,0.00059082275390625,1731004416628822848,1731004416038
2024-11-07T19:33:38.753075,Vertex -> Drift,76613.0,76654.479626,9.867949079474784,41.47962600000028,0.000573452880859375,1731004418639452804,1731004418066
2024-11-07T19:33:40.761526,Vertex -> Drift,76611.0,76654.479626,11.86834907947923,43.47962600000028,0.000376974365234375,1731004420419974345,1731004420043
2024-11-07T19:33:42.770809,Vertex -> Drift,76611.0,76654.479626,11.86834907947923,43.47962600000028,0.000580998779296875,1731004422606998673,1731004422026
2024-11-07T19:33:44.772906,Vertex -> Drift,76621.99999999999,76654.479626,0.8661490794911515,32.47962600001483,0.000395906005859375,1731004424432905966,1731004424037
2024-11-07T19:34:48.827844,Vertex -> Drift,76534.99999999999,76571.542859,4.964406142476946,36.54285900000832,0.0004844443359375,1731004488537444286,1731004488053
2024-11-07T19:34:50.831073,Vertex -> Drift,76502.0,76571.542859,37.97100614247029,69.54285899999377,0.000450424560546875,1731004490505424701,1731004490055
2024-11-07T19:34:52.831856,Vertex -> Drift,76480.0,76571.695303,60.12781774811447,91.69530300000042,0.000657549072265625,1731004492718549028,1731004492061
2024-11-07T19:34:54.834608,Vertex -> Drift,76456.0,76571.695303,84.13261774812418,115.69530300000042,0.0006085859375,1731004494664586064,1731004494056
2024-11-07T19:34:56.837219,Vertex -> Drift,76496.0,76571.695303,44.124617748122546,75.69530300000042,0.000594784423828125,1731004496648784405,1731004496054
2024-11-07T19:34:58.838406,Vertex -> Drift,76469.0,76571.695303,71.1300177481171,102.69530300000042,0.0006000205078125,1731004498703020575,1731004498103
2024-11-07T19:35:00.841283,Vertex -> Drift,76500.0,76571.695303,40.12381774811365,71.69530300000042,0.00058273779296875,1731004500681737748,1731004500099
2024-11-07T19:40:43.129613,Vertex -> Drift,76555.0,76592.679669,6.092724570349674,37.67966900000465,0.000677377685546875,1731004842832377631,1731004842155
2024-11-07T19:40:45.132043,Vertex -> Drift,76530.00000000001,76592.679669,31.09772457033978,62.6796689999901,0.00014582373046875,1731004844987176186,1731004845133
2024-11-07T19:40:47.135243,Vertex -> Drift,76546.0,76592.832197,15.247020158130908,46.832196999996086,0.00063752978515625,1731004846777529904,1731004846140
2024-11-07T19:40:51.138243,Vertex -> Drift,76545.0,76592.832197,16.247220158140408,47.832196999996086,0.00016186181640625,1731004850981138199,1731004851143
2024-11-07T19:40:53.140842,Vertex -> Drift,76539.0,76592.832197,22.248420158139197,53.832196999996086,0.000418986328125,1731004852592986423,1731004852174
2024-11-07T19:40:55.141913,Vertex -> Drift,76527.0,76592.832197,34.250820158136776,65.83219699999609,0.00011740673828125,1731004855021593307,1731004855139
2024-11-07T19:40:57.143021,Vertex -> Drift,76539.99999999999,76592.832197,21.24822015814425,52.83219700001064,0.000169328369140625,1731004856986671679,1731004857156
2024-11-07T19:40:59.144454,Vertex -> Drift,76555.0,76592.996458,6.409446252670023,37.99645799999416,0.000889241943359375,1731004859032242015,1731004858143
2024-11-07T19:41:01.145839,Vertex -> Drift,76557.0,76592.996458,4.4090462526801275,35.99645799999416,0.000648316162109375,1731004860860316219,1731004860212
2024-11-07T19:41:03.147268,Vertex -> Drift,76557.0,76591.6,3.0128850000182865,34.60000000000582,0.00033927392578125,1731004862795726110,1731004863135
2024-11-07T19:41:09.163350,Vertex -> Drift,76557.99999999999,76591.6,2.012685000023339,33.60000000002037,8.2131591796875e-05,1731004869055868356,1731004869138
2024-11-07T19:41:11.164840,Vertex -> Drift,76557.99999999999,76591.6,2.012685000023339,33.60000000002037,0.00021387109375,1731004870925128864,1731004871139
2024-11-07T19:41:13.166147,Vertex -> Drift,76557.99999999999,76591.6,2.012685000023339,33.60000000002037,8.6129150390625e-05,1731004873053870810,1731004873140
2024-11-07T19:41:15.167746,Vertex -> Drift,76534.99999999999,76591.6,25.01728500002355,56.60000000002037,8.42255859375e-05,1731004875057774429,1731004875142
2024-11-07T19:41:17.168554,Vertex -> Drift,76541.0,76591.6,19.016085000010207,50.60000000000582,0.000149940673828125,1731004876997059377,1731004877147
2024-11-07T19:41:19.171726,Vertex -> Drift,76529.0,76591.6,31.018485000007786,62.60000000000582,0.0001417578125,1731004878995242172,1731004879137
2024-11-07T19:41:21.173295,Vertex -> Drift,76520.0,76591.6,40.02028500000597,71.60000000000582,0.00011751171875,1731004881055488363,1731004881173
2024-11-07T19:41:23.174593,Vertex -> Drift,76519.0,76591.6,41.02048500001547,72.60000000000582,0.000323146728515625,1731004882823853333,1731004883147
2024-11-07T19:42:21.230785,Vertex -> Drift,76524.0,76558.341207,2.7677594935230445,34.34120700000494,6.6215087890625e-05,1731004941097784719,1731004941164
2024-11-07T19:42:23.233803,Vertex -> Drift,76516.99999999999,76558.341207,9.769159493531333,41.341207000019494,9.4239990234375e-05,1731004943093760053,1731004943188
2024-11-07T19:48:37.461357,Vertex -> Drift,76582.0,76634.4,20.798790000000736,52.39999999999418,3.231689453125e-05,1731005317329316740,1731005317297
2024-11-07T19:48:39.463988,Vertex -> Drift,76586.0,76634.4,16.79798999999184,48.39999999999418,6.90849609375e-05,1731005319330084898,1731005319261
2024-11-07T19:48:41.465847,Vertex -> Drift,76597.0,76634.4,5.7957900000037625,37.39999999999418,4.825537109375e-05,1731005321335255196,1731005321287
2024-11-07T19:48:43.467777,Vertex -> Drift,76584.0,76634.4,18.79838999999629,50.39999999999418,0.0004581884765625,1731005322804811548,1731005323263
2024-11-07T19:48:45.469625,Vertex -> Drift,76591.0,76634.4,11.796990000002552,43.39999999999418,7.7008544921875e-05,1731005325174991297,1731005325252
2024-11-07T19:48:47.471397,Vertex -> Drift,76594.00000000001,76634.4,8.796389999988605,40.39999999997963,3.646337890625e-05,1731005327285463412,1731005327249
2024-11-07T19:48:49.472556,Vertex -> Drift,76598.0,76634.4,4.795589999994263,36.39999999999418,6.420361328125e-05,1731005329370203663,1731005329306
2024-11-07T19:48:51.474395,Vertex -> Drift,76594.00000000001,76634.4,8.796389999988605,40.39999999997963,0.000181595947265625,1731005331079404143,1731005331261
2024-11-07T19:48:53.476321,Vertex -> Drift,76601.0,76634.4,1.7949899999948684,33.39999999999418,0.00038482666015625,1731005332876173321,1731005333261
2024-11-07T19:49:17.488834,Vertex -> Drift,76600.0,76634.4,2.795190000004368,34.39999999999418,0.000121659423828125,1731005357379659421,1731005357258
2024-11-07T19:49:19.491549,Vertex -> Drift,76598.99999999999,76634.4,3.7953900000138674,35.40000000000873,6.3118408203125e-05,1731005359326118462,1731005359263
2024-11-07T19:49:21.493500,Vertex -> Drift,76602.0,76634.4,0.7947899999999208,32.39999999999418,6.4518798828125e-05,1731005361201481151,1731005361266
2024-11-07T19:51:25.598574,Vertex -> Drift,76726.99999999999,76776.511979,17.851570204496966,49.51197900001716,0.000146397216796875,1731005485435397034,1731005485289
2024-11-07T19:51:27.602317,Vertex -> Drift,76714.0,76776.511979,30.85417020447494,62.51197900000261,0.000101035888671875,1731005487389035689,1731005487288
2024-11-07T19:51:29.605305,Vertex -> Drift,76720.0,76776.511979,24.85297020447615,56.51197900000261,0.00014686181640625,1731005489434861764,1731005489288
2024-11-07T19:51:31.606557,Vertex -> Drift,76648.0,76776.511979,96.86737020447617,128.5119790000026,0.000196210205078125,1731005491486210272,1731005491290
2024-11-07T19:51:33.609603,Vertex -> Drift,76635.00000000001,76676.511979,9.891220204444835,41.51197899998806,5.557373046875e-05,1731005493230426470,1731005493286
2024-11-07T19:51:35.612075,Vertex -> Drift,76636.0,76676.511979,8.89102020446444,40.51197900000261,0.00011817431640625,1731005495404174411,1731005495286
2024-11-07T19:51:37.615051,Vertex -> Drift,76636.0,76676.511979,8.89102020446444,40.51197900000261,0.001104769775390625,1731005496191230317,1731005497296
2024-11-07T19:51:39.618012,Vertex -> Drift,76644.0,76676.511979,0.889420204461203,32.51197900000261,0.000163838623046875,1731005499454838418,1731005499291
2024-11-07T19:51:45.622535,Vertex -> Drift,76630.0,76676.511979,14.892220204463229,46.51197900000261,3.2595703125e-05,1731005505250404319,1731005505283
2024-11-07T19:51:47.625549,Vertex -> Drift,76627.0,76676.511979,17.892820204462623,49.51197900000261,1.2407958984375e-05,1731005507301408005,1731005507289
2024-11-07T19:51:49.626776,Vertex -> Drift,76608.0,76676.511979,36.89662020446849,68.51197900000261,0.00022062841796875,1731005509520628525,1731005509300
2024-11-07T19:51:51.628650,Vertex -> Drift,76611.0,76676.511979,33.896020204469096,65.51197900000261,0.00010766259765625,1731005511402662780,1731005511295
2024-11-07T19:51:53.630930,Vertex -> Drift,76611.0,76676.511979,33.896020204469096,65.51197900000261,5.6232421875e-05,1731005513345232275,1731005513289
2024-11-07T19:52:07.645857,Vertex -> Drift,76624.0,76694.907325,39.28485719343007,70.90732499999285,0.000202828125,1731005527506828157,1731005527304
2024-11-07T19:52:09.648180,Vertex -> Drift,76617.00000000001,76671.156939,22.540918150451034,54.15693899997859,0.00010352490234375,1731005529423524765,1731005529320
2024-11-07T19:52:11.650388,Vertex -> Drift,76598.99999999999,76671.156939,40.544518150476506,72.1569390000077,0.000223708984375,1731005531539709042,1731005531316
2024-11-07T19:52:13.651720,Vertex -> Drift,76580.0,76671.156939,59.54831815046782,91.15693899999314,0.000208672119140625,1731005533502672014,1731005533294
2024-11-07T19:52:15.653347,Vertex -> Drift,76586.0,76671.156939,53.54711815045448,85.15693899999314,0.000239612060546875,1731005535539612077,1731005535300
2024-11-07T19:52:39.669269,Vertex -> Drift,76725.0,76770.665,14.006233687498025,45.6649999999936,0.00020545166015625,1731005559511451734,1731005559306
2024-11-07T19:52:41.672264,Vertex -> Drift,76733.0,76770.665,6.004633687494788,37.6649999999936,0.000245332275390625,1731005561543332374,1731005561298
2024-11-07T19:52:43.675227,Vertex -> Drift,76724.0,76770.665,15.006433687507524,46.6649999999936,3.9638671875e-06,1731005563345963898,1731005563342
2024-11-07T19:52:45.676504,Vertex -> Drift,76718.0,76770.665,21.007633687506313,52.6649999999936,0.000270906982421875,1731005565573906992,1731005565303
2024-11-07T19:52:47.677278,Vertex -> Drift,76705.0,76770.665,34.01023368749884,65.6649999999936,3.441943359375e-05,1731005567342419531,1731005567308
2024-11-07T19:52:49.679958,Vertex -> Drift,76707.0,76770.665,32.00983368749439,63.6649999999936,0.000196991943359375,1731005569511992025,1731005569315
2024-11-07T19:52:51.682852,Vertex -> Drift,76690.0,76770.665,49.01323368749581,80.6649999999936,5.902099609375e-05,1731005571400021094,1731005571341
2024-11-07T19:52:53.686142,Vertex -> Drift,76690.0,76770.665,49.01323368749581,80.6649999999936,0.000175551513671875,1731005573541551717,1731005573366
2024-11-07T19:52:55.689031,Vertex -> Drift,76662.99999999999,76770.665,76.01863368751947,107.66500000000815,0.000222482666015625,1731005575539482685,1731005575317
2024-11-07T19:52:57.691501,Vertex -> Drift,76661.0,76730.665,38.027533687491086,69.6649999999936,0.000177589111328125,1731005577494589179,1731005577317
2024-11-07T19:52:59.694459,Vertex -> Drift,76665.0,76730.665,34.026733687496744,65.6649999999936,0.000216564208984375,1731005579529564222,1731005579313
2024-11-07T19:53:01.697400,Vertex -> Drift,76666.0,76701.090469,3.4582872753526317,35.090469000002486,0.00025239599609375,1731005581564396057,1731005581312
2024-11-07T19:53:03.699354,Vertex -> Drift,76646.0,76701.090469,23.462287275353447,55.090469000002486,0.000283170166015625,1731005583589170299,1731005583306
2024-11-07T19:53:05.702146,Vertex -> Drift,76640.00000000001,76701.090469,29.463487275337684,61.090468999987934,0.000213104248046875,1731005585098895758,1731005585312
2024-11-07T19:53:07.703988,Vertex -> Drift,76654.0,76701.090469,15.46068727535021,47.090469000002486,0.00029004833984375,1731005587599048489,1731005587309
2024-11-07T19:53:09.706792,Vertex -> Drift,76630.0,76701.090469,39.46548727534537,71.09046900000249,0.00018511474609375,1731005589494114794,1731005589309
2024-11-07T19:53:11.709122,Vertex -> Drift,76621.99999999999,76701.090469,47.467087275363156,79.09046900001704,0.000192299560546875,1731005591506299570,1731005591314
2024-11-07T19:53:13.711853,Vertex -> Drift,76626.0,76701.090469,43.46628727535426,75.09046900000249,0.00010581005859375,1731005593417810100,1731005593312
2024-11-07T19:53:15.713025,Vertex -> Drift,76632.0,76701.090469,37.46508727534092,69.09046900000249,0.000294043212890625,1731005595613043310,1731005595319
2024-11-07T19:53:17.715804,Vertex -> Drift,76621.99999999999,76701.090469,47.467087275363156,79.09046900001704,0.000233593017578125,1731005597553593177,1731005597320
2024-11-07T19:53:19.719126,Vertex -> Drift,76625.0,76701.090469,44.46648727534921,76.09046900000249,0.0002192734375,1731005599094726693,1731005599314
2024-11-07T19:53:21.721776,Vertex -> Drift,76648.0,76701.090469,21.461887275349,53.090469000002486,0.000293255615234375,1731005601611255584,1731005601318
2024-11-07T19:53:23.723345,Vertex -> Drift,76634.0,76701.090469,35.464687275351025,67.09046900000249,0.000191021240234375,1731005603532021363,1731005603341
2024-11-07T19:53:25.724310,Vertex -> Drift,76626.0,76701.090469,43.46628727535426,75.09046900000249,0.000304135498046875,1731005605626135549,1731005605322
2024-11-07T19:53:27.727282,Vertex -> Drift,76631.0,76701.090469,38.46528727535042,70.09046900000249,0.00028957177734375,1731005607610571665,1731005607321
2024-11-07T19:53:31.731758,Vertex -> Drift,76616.0,76649.648208,2.036957755801268,33.648207999998704,0.0002868681640625,1731005611610868166,1731005611324
2024-11-07T19:53:33.733049,Vertex -> Drift,76609.0,76649.648208,9.038357755795005,40.648207999998704,0.0003153564453125,1731005613633356628,1731005613318
2024-11-07T19:53:35.735031,Vertex -> Drift,76603.0,76649.648208,15.039557755808346,46.648207999998704,0.000301449462890625,1731005615625449362,1731005615324
2024-11-07T19:53:37.736643,Vertex -> Drift,76598.0,76634.4,4.795589999994263,36.39999999999418,0.000306818603515625,1731005617633818650,1731005617327
2024-11-07T19:53:39.737838,Vertex -> Drift,76594.00000000001,76634.4,8.796389999988605,40.39999999997963,0.000301407958984375,1731005619630408029,1731005619329
2024-11-07T19:53:41.740310,Vertex -> Drift,76594.00000000001,76634.4,8.796389999988605,40.39999999997963,0.000163802978515625,1731005621158196986,1731005621322
2024-11-07T19:53:43.743435,Vertex -> Drift,76591.0,76634.4,11.796990000002552,43.39999999999418,0.00028971630859375,1731005623630716433,1731005623341
2024-11-07T19:53:45.744609,Vertex -> Drift,76592.0,76634.4,10.796789999993052,42.39999999999418,0.00031147412109375,1731005625634474184,1731005625323
2024-11-07T19:53:47.747469,Vertex -> Drift,76586.0,76634.4,16.79798999999184,48.39999999999418,0.000321201416015625,1731005627638201424,1731005627317
2024-11-07T19:53:49.750443,Vertex -> Drift,76584.0,76634.4,18.79838999999629,50.39999999999418,0.000280280517578125,1731005629601280629,1731005629321
2024-11-07T19:53:51.752424,Vertex -> Drift,76584.0,76634.4,18.79838999999629,50.39999999999418,0.000127468017578125,1731005631453467790,1731005631326
2024-11-07T19:53:53.755283,Vertex -> Drift,76575.99999999999,76634.4,26.799990000014077,58.40000000000873,0.000283351318359375,1731005633641351472,1731005633358
2024-11-07T19:53:55.758226,Vertex -> Drift,76578.0,76634.4,24.799589999995078,56.39999999999418,0.000297243896484375,1731005635619243874,1731005635322
2024-11-07T19:53:57.760536,Vertex -> Drift,76578.0,76634.4,24.799589999995078,56.39999999999418,0.000330171142578125,1731005637650171099,1731005637320
2024-11-07T19:53:59.763019,Vertex -> Drift,76575.99999999999,76650.0,42.396675000025425,74.00000000001455,3.619873046875e-05,1731005639361198764,1731005639325
2024-11-07T19:54:01.765126,Vertex -> Drift,76578.0,76650.0,40.396275000006426,72.0,0.00012571337890625,1731005641205286705,1731005641331
2024-11-07T19:54:03.768110,Vertex -> Drift,76569.0,76650.0,49.39807500000461,81.0,0.0001446904296875,1731005643468690403,1731005643324
2024-11-07T19:54:05.771027,Vertex -> Drift,76582.0,76650.0,36.395475000012084,68.0,0.000276532470703125,1731005645617532499,1731005645341
2024-11-07T19:54:07.773703,Vertex -> Drift,76591.0,76650.0,27.3936750000139,59.0,2.8726806640625e-05,1731005647303273168,1731005647332
2024-11-07T19:54:09.776986,Vertex -> Drift,76606.0,76650.0,12.390675000016927,44.0,7.126708984375e-05,1731005649271732985,1731005649343
2024-11-07T19:54:11.777830,Vertex -> Drift,76617.00000000001,76650.0,1.3884749999997439,32.99999999998545,0.000203318359375,1731005651571318241,1731005651368
2024-11-07T19:54:13.779373,Vertex -> Drift,76616.0,76650.0,2.3886750000092434,34.0,0.0002745390625,1731005653055460874,1731005653330
2024-11-07T19:54:15.782636,Vertex -> Drift,76608.0,76650.0,10.39027500001248,42.0,0.00027260546875,1731005655635605448,1731005655363
2024-11-07T19:54:19.787900,Vertex -> Drift,76617.00000000001,76650.0,1.3884749999997439,32.99999999998545,0.00028620556640625,1731005659613205625,1731005659327
2024-11-07T19:54:21.790872,Vertex -> Drift,76614.0,76650.0,4.38907500001369,36.0,0.000217938720703125,1731005661543938762,1731005661326
2024-11-07T19:54:23.793930,Vertex -> Drift,76607.0,76650.0,11.390475000007427,43.0,0.000318600341796875,1731005663657600381,1731005663339
2024-11-07T19:54:25.796837,Vertex -> Drift,76605.0,76650.0,13.390875000011874,45.0,0.00016579296875,1731005665164207089,1731005665330
2024-11-07T19:54:27.799800,Vertex -> Drift,76605.0,76650.0,13.390875000011874,45.0,0.00220179296875,1731005665164207089,1731005667366
2024-11-07T19:54:29.802675,Vertex -> Drift,76601.0,76650.0,17.391675000006217,49.0,0.00026124365234375,1731005669644243646,1731005669383
2024-11-07T19:54:31.805599,Vertex -> Drift,76606.0,76650.0,12.390675000016927,44.0,4.17138671875e-06,1731005671335171394,1731005671331
2024-11-07T19:54:33.808293,Vertex -> Drift,76613.0,76650.0,5.389275000008638,37.0,0.000317425048828125,1731005673662425165,1731005673345
2024-11-07T19:54:35.810752,Vertex -> Drift,76596.0,76650.0,22.39267500001006,54.0,0.000362161376953125,1731005675700161185,1731005675338
2024-11-07T19:54:37.813637,Vertex -> Drift,76591.0,76650.0,27.3936750000139,59.0,0.000215797607421875,1731005677590797657,1731005677375
2024-11-07T19:54:39.815618,Vertex -> Drift,76591.0,76650.0,27.3936750000139,59.0,0.000309555419921875,1731005679658555431,1731005679349
2024-11-07T19:54:41.856351,Vertex -> Drift,76595.0,76650.0,23.392875000005006,55.0,0.00040435009765625,1731005681753350250,1731005681349
2024-11-07T19:54:47.860417,Vertex -> Drift,76618.0,76650.0,0.3882750000047963,32.0,3.1701904296875e-05,1731005687371702095,1731005687340
2024-11-07T19:54:49.862534,Vertex -> Drift,76617.00000000001,76650.0,1.3884749999997439,32.99999999998545,0.000446998779296875,1731005688901001169,1731005689348
2024-11-07T19:54:51.864565,Vertex -> Drift,76607.0,76650.0,11.390475000007427,43.0,0.00036909033203125,1731005691716090366,1731005691347
2024-11-07T19:54:53.866456,Vertex -> Drift,76607.0,76650.0,11.390475000007427,43.0,0.00035691455078125,1731005693698914435,1731005693342
2024-11-07T19:54:55.867463,Vertex -> Drift,76607.0,76650.0,11.390475000007427,43.0,0.00039015966796875,1731005695728159863,1731005695338
2024-11-07T19:54:57.869381,Vertex -> Drift,76603.99999999999,76650.0,14.391075000021374,46.00000000001455,0.000144828857421875,1731005697483828703,1731005697339
2024-11-07T19:54:59.871196,Vertex -> Drift,76602.0,76650.0,16.39147500001127,48.0,0.000237715576171875,1731005699604715490,1731005699367
2024-11-07T19:55:01.873064,Vertex -> Drift,76606.0,76650.0,12.390675000016927,44.0,0.000379646240234375,1731005701725646423,1731005701346
2024-11-07T19:55:09.877093,Vertex -> Drift,76601.0,76650.0,17.391675000006217,49.0,0.000430317138671875,1731005709770317049,1731005709340
2024-11-07T19:55:11.878812,Vertex -> Drift,76602.0,76650.0,16.39147500001127,48.0,0.000310091064453125,1731005711667090899,1731005711357
2024-11-07T19:55:13.880404,Vertex -> Drift,76587.0,76650.0,31.394475000008242,63.0,0.00038922802734375,1731005713732228137,1731005713343
2024-11-07T19:55:15.882189,Vertex -> Drift,76589.0,76650.0,29.394075000003795,61.0,0.00036485009765625,1731005715771849877,1731005715407
2024-11-07T19:55:17.884109,Vertex -> Drift,76588.0,76650.0,30.394275000013295,62.0,0.0003955869140625,1731005717740587078,1731005717345
2024-11-07T19:55:19.885093,Vertex -> Drift,76580.0,76650.0,38.39587500001653,70.0,4.744970703125e-05,1731005719397449672,1731005719350
2024-11-07T19:55:21.886831,Vertex -> Drift,76575.99999999999,76650.0,42.396675000025425,74.00000000001455,0.000161834716796875,1731005721499834681,1731005721338
2024-11-07T19:55:23.887989,Vertex -> Drift,76561.0,76650.0,57.399675000007846,89.0,0.000439524658203125,1731005723782524735,1731005723343
2024-11-07T19:55:25.889906,Vertex -> Drift,76561.0,76650.0,57.399675000007846,89.0,0.000406478271484375,1731005725772478109,1731005725366
2024-11-07T19:55:27.891450,Vertex -> Drift,76563.0,76650.0,55.3992750000034,87.0,0.000425016357421875,1731005727765016203,1731005727340
2024-11-07T19:55:29.893293,Vertex -> Drift,76567.0,76650.0,51.39847500000906,83.0,0.00037008984375,1731005729718089774,1731005729348
2024-11-07T19:55:31.895133,Vertex -> Drift,76567.0,76650.0,51.39847500000906,83.0,1.19609375e-05,1731005731391960933,1731005731380
2024-11-07T19:55:33.896578,Vertex -> Drift,76567.0,76650.0,51.39847500000906,83.0,0.001064167236328125,1731005732321832788,1731005733386
2024-11-07T19:55:35.898290,Vertex -> Drift,76570.0,76650.0,48.39787500000966,80.0,0.0002754462890625,1731005735618446273,1731005735343
2024-11-07T19:55:37.900029,Vertex -> Drift,76571.00000000001,76650.0,47.39767500000016,78.99999999998545,0.00041585009765625,1731005737759849971,1731005737344
2024-11-07T19:55:39.901987,Vertex -> Drift,76589.0,76650.0,29.394075000003795,61.0,0.0001363564453125,1731005739478356553,1731005739342
2024-11-07T19:55:41.903667,Vertex -> Drift,76588.0,76650.0,30.394275000013295,62.0,0.000112737548828125,1731005741493737361,1731005741381
2024-11-07T19:55:43.905412,Vertex -> Drift,76600.0,76650.0,18.391875000015716,50.0,0.0002689970703125,1731005743612997099,1731005743344
2024-11-07T19:55:45.907106,Vertex -> Drift,76600.0,76650.0,18.391875000015716,50.0,0.00038414306640625,1731005744962857060,1731005745347
2024-11-07T19:55:47.908564,Vertex -> Drift,76600.0,76650.0,18.391875000015716,50.0,0.000304938232421875,1731005747659938233,1731005747355
2024-11-07T19:55:49.910302,Vertex -> Drift,76614.0,76650.0,4.38907500001369,36.0,0.00036437451171875,1731005749741374398,1731005749377
2024-11-07T19:55:51.912067,Vertex -> Drift,76614.0,76650.0,4.38907500001369,36.0,0.00040078076171875,1731005751788780886,1731005751388
2024-11-07T19:56:55.953703,Vertex -> Drift,76616.0,76650.0,2.3886750000092434,34.0,0.000460871826171875,1731005815845871979,1731005815385
2024-11-07T19:56:57.955367,Vertex -> Drift,76593.0,76650.0,25.393275000009453,57.0,0.00044710107421875,1731005817846100977,1731005817399
2024-11-07T19:56:59.956891,Vertex -> Drift,76588.0,76650.0,30.394275000013295,62.0,0.000444699951171875,1731005819813699757,1731005819369
2024-11-07T19:57:01.958360,Vertex -> Drift,76589.0,76650.0,29.394075000003795,61.0,0.000290232177734375,1731005821708232303,1731005821418
2024-11-07T19:57:03.959074,Vertex -> Drift,76585.0,76650.0,33.39487500001269,65.0,0.00056665966796875,1731005822811340413,1731005823378
2024-11-07T19:57:05.960567,Vertex -> Drift,76582.0,76650.0,36.395475000012084,68.0,0.00036305615234375,1731005825735056151,1731005825372
2024-11-07T19:57:07.961203,Vertex -> Drift,76590.0,76650.0,28.393875000008848,60.0,0.000390996337890625,1731005827799996466,1731005827409
2024-11-07T19:57:09.964829,Vertex -> Drift,76588.0,76650.0,30.394275000013295,62.0,0.00039475244140625,1731005829767752375,1731005829373
2024-11-07T19:57:11.972437,Vertex -> Drift,76589.0,76650.0,29.394075000003795,61.0,0.000214944091796875,1731005831591944170,1731005831377
2024-11-07T19:57:13.973603,Vertex -> Drift,76592.0,76650.0,26.3934750000044,58.0,0.000447113525390625,1731005833821113501,1731005833374
2024-11-07T19:57:15.981385,Vertex -> Drift,76589.0,76650.0,29.394075000003795,61.0,0.0004879951171875,1731005835874995223,1731005835387
2024-11-07T19:57:17.982801,Vertex -> Drift,76600.0,76650.0,18.391875000015716,50.0,0.000273220458984375,1731005837655220549,1731005837382
2024-11-07T19:57:19.984224,Vertex -> Drift,76602.0,76650.0,16.39147500001127,48.0,0.000191301513671875,1731005839597301629,1731005839406
2024-11-07T19:57:21.985968,Vertex -> Drift,76612.00000000001,76650.0,6.389474999989034,37.99999999998545,0.00043783056640625,1731005841856830355,1731005841419
2024-11-07T19:57:23.987650,Vertex -> Drift,76606.0,76650.0,12.390675000016927,44.0,0.0005044169921875,1731005843881416908,1731005843377
2024-11-07T19:57:25.989580,Vertex -> Drift,76612.00000000001,76650.0,6.389474999989034,37.99999999998545,0.000479562255859375,1731005845855562148,1731005845376
2024-11-07T19:57:27.990652,Vertex -> Drift,76607.0,76650.0,11.390475000007427,43.0,0.00048003271484375,1731005847890032623,1731005847410
2024-11-07T19:57:29.991522,Vertex -> Drift,76611.0,76650.0,7.389675000013085,39.0,0.000512994384765625,1731005849892994230,1731005849380
2024-11-07T19:57:31.991872,Vertex -> Drift,76612.00000000001,76650.0,6.389474999989034,37.99999999998545,0.000482447998046875,1731005851895448127,1731005851413
2024-11-07T19:57:33.993396,Vertex -> Drift,76612.00000000001,76650.0,6.389474999989034,37.99999999998545,0.000265793701171875,1731005853641793792,1731005853376
2024-11-07T19:57:35.994781,Vertex -> Drift,76617.00000000001,76650.0,1.3884749999997439,32.99999999998545,0.00041758056640625,1731005855825580575,1731005855408
2024-11-07T19:57:37.995402,Vertex -> Drift,76611.0,76650.0,7.389675000013085,39.0,0.00050794970703125,1731005857899949919,1731005857392
2024-11-07T19:57:39.997888,Vertex -> Drift,76607.0,76650.0,11.390475000007427,43.0,0.000280179443359375,1731005859098820629,1731005859379
2024-11-07T19:57:41.999425,Vertex -> Drift,76610.0,76650.0,8.389875000008033,40.0,0.000407603271484375,1731005861793603406,1731005861386
2024-11-07T19:57:44.001133,Vertex -> Drift,76613.0,76650.0,5.389275000008638,37.0,9.2982666015625e-05,1731005863474982618,1731005863382
2024-11-07T19:58:16.101479,Drift -> Vertex,76684.2,76724.0,8.159807500021998,39.80000000000291,7.536865234375e-06,1731005895442537067,1731005895435
2024-11-07T19:58:18.103415,Drift -> Vertex,76684.2,76726.99999999999,11.159207500008051,42.79999999998836,0.0005446171875,1731005897936617285,1731005897392
2024-11-07T19:58:20.104395,Drift -> Vertex,76684.2,76743.0,27.15600750001613,58.80000000000291,0.000538814697265625,1731005899942814602,1731005899404
2024-11-07T19:58:22.105528,Drift -> Vertex,76684.2,76737.0,21.15720750001492,52.80000000000291,0.00037481884765625,1731005901815818681,1731005901441
2024-11-07T19:58:36.113334,Vertex -> Drift,76687.0,76746.699228,28.053154414054006,59.699227999997674,0.00040471044921875,1731005915868710439,1731005915464
2024-11-07T19:58:38.120370,Vertex -> Drift,76703.0,76746.699228,12.049954414062086,43.699227999997674,0.00037869482421875,1731005917831694962,1731005917453
2024-11-07T19:58:40.194664,Vertex -> Drift,76689.0,76740.587445,19.942270167943207,51.58744499999739,1.0500732421875e-05,1731005919436500774,1731005919426
2024-11-07T19:58:42.199886,Vertex -> Drift,76697.0,76740.587445,11.94067016793997,43.58744499999739,0.00038920166015625,1731005921836201743,1731005921447
2024-11-07T19:58:44.201505,Vertex -> Drift,76687.0,76740.587445,21.9426701679331,53.58744499999739,0.0006061064453125,1731005924012106540,1731005923406
2024-11-07T19:58:46.203513,Vertex -> Drift,76694.0,76740.587445,14.941270167939365,46.58744499999739,0.00034874365234375,1731005925770743586,1731005925422
2024-11-07T19:58:50.206352,Vertex -> Drift,76656.0,76698.5,10.87036875000922,42.5,0.000576795166015625,1731005929981794945,1731005929405
2024-11-07T19:58:52.208065,Vertex -> Drift,76643.0,76698.5,23.872968750016298,55.5,0.00046160302734375,1731005931871602932,1731005931410
2024-11-07T19:58:54.208970,Vertex -> Drift,76619.0,76698.5,47.877768750011455,79.5,0.00057384423828125,1731005933994844268,1731005933421
2024-11-07T19:58:56.210716,Vertex -> Drift,76602.0,76698.5,64.88116875001288,96.5,0.0003897041015625,1731005935826704036,1731005935437
2024-11-07T19:58:58.212592,Vertex -> Drift,76629.0,76698.5,37.875768750018324,69.5,0.000536772216796875,1731005937962772110,1731005937426
2024-11-07T19:59:00.214422,Vertex -> Drift,76618.0,76698.5,48.8779687500064,80.5,0.000563908203125,1731005939973908346,1731005939410
2024-11-07T19:59:02.215089,Vertex -> Drift,76633.0,76698.5,33.87496875000943,65.5,0.0005981611328125,1731005942011160986,1731005941413
2024-11-07T20:00:06.245242,Vertex -> Drift,76624.0,76661.942757,6.327294164133491,37.94275699999707,0.00062791064453125,1731006006059910635,1731006005432
2024-11-07T20:00:08.247607,Vertex -> Drift,76623.0,76662.083807,7.468514191030408,39.08380700000271,0.000441482666015625,1731006007874482673,1731006007433
2024-11-07T20:00:10.249484,Vertex -> Drift,76614.0,76700.903904,55.28216192041873,86.90390400000615,0.000480232666015625,1731006009946232686,1731006009466
2024-11-07T20:00:12.250085,Vertex -> Drift,76614.0,76700.903904,55.28216192041873,86.90390400000615,0.000597266357421875,1731006012028266165,1731006011431
2024-11-07T20:00:18.252503,Vertex -> Drift,76539.0,76654.420867,83.82400256575784,115.42086699999345,0.000601971435546875,1731006018032971544,1731006017431
2024-11-07T20:00:20.253782,Vertex -> Drift,76513.0,76654.420867,109.82920256575744,141.42086699999345,0.00055246630859375,1731006020030466427,1731006019478
2024-11-07T20:00:22.255233,Vertex -> Drift,76533.0,76654.420867,89.82520256575663,121.42086699999345,0.000642483154296875,1731006022083483180,1731006021441
2024-11-07T20:00:24.256542,Vertex -> Drift,76541.0,76654.420867,81.82360256575339,113.42086699999345,0.00063713427734375,1731006024097134399,1731006023460
2024-11-07T20:00:26.259001,Vertex -> Drift,76561.0,76654.420867,61.819602565752575,93.42086699999345,0.000551367431640625,1731006026039367447,1731006025488
2024-11-07T20:00:28.261068,Vertex -> Drift,76559.0,76654.420867,63.82000256575702,95.42086699999345,0.00059313330078125,1731006028065133358,1731006027472
2024-11-07T20:00:30.262117,Vertex -> Drift,76531.0,76654.420867,91.82560256576107,123.42086699999345,0.000591009033203125,1731006030053009070,1731006029462
2024-11-07T20:00:32.262975,Vertex -> Drift,76616.0,76654.420867,6.808602565753972,38.42086699999345,0.000608365478515625,1731006032042365436,1731006031434
2024-11-07T20:00:34.264562,Vertex -> Drift,76618.0,76654.420867,4.808202565749525,36.42086699999345,0.0006391201171875,1731006034076119982,1731006033437
